{
    "Function_1": {
        "data_points": 20,
        "clusters": 4,
        "silhouette": 0.6196083834605849,
        "cluster_means": [
            -0.0009015156610906763,
            5.818181818181818,
            3.1149282340843297e-48,
            -7.197496785777031e-55
        ],
        "best_cluster": 1,
        "centroid": [
            0.14228892187815484,
            0.5672937164268418
        ],
        "centroid_predicted_output": 10.956674861379373,
        "selected_query": [
            0.14039183184137682,
            0.5647067938042444
        ]
    },
    "Function_2": {
        "data_points": 20,
        "clusters": 4,
        "silhouette": 0.5822199509148998,
        "cluster_means": [
            0.6695233430494457,
            0.3186030159368617,
            0.04355807066738552,
            0.13386244690133547
        ],
        "best_cluster": 0,
        "centroid": [
            0.7557142478830413,
            0.741170497082346
        ],
        "centroid_predicted_output": 0.7154961687885604,
        "selected_query": [
            0.7487380680494247,
            0.7311423740518049
        ]
    },
    "Function_3": {
        "data_points": 25,
        "clusters": 4,
        "silhouette": 0.40120567228040566,
        "cluster_means": [
            -0.09759111140358834,
            6.306316118580344,
            -0.08128136178203917,
            -0.07793932047332428
        ],
        "best_cluster": 1,
        "centroid": [
            0.24440322432304418,
            0.6460080507769286,
            0.8473947458420156
        ],
        "centroid_predicted_output": 14.821540719984927,
        "selected_query": [
            0.2554748416185909,
            0.643362311495171,
            0.8309870759763083
        ]
    },
    "Function_4": {
        "data_points": 40,
        "clusters": 4,
        "silhouette": 0.30427893477108886,
        "cluster_means": [
            -3.9754965152906414,
            -19.264403258441796,
            -23.288622934358376,
            -16.717134981700152
        ],
        "best_cluster": 0,
        "centroid": [
            0.21544347722631732,
            0.35722800888150813,
            0.2934604872723859,
            0.3545585954250783
        ],
        "centroid_predicted_output": -3.1873338162588616,
        "selected_query": [
            0.21779696075541272,
            0.34721715186287466,
            0.28173942739158586,
            0.3677817941217387
        ]
    },
    "Function_5": {
        "data_points": 30,
        "clusters": 4,
        "silhouette": 0.41836888789395527,
        "cluster_means": [
            188.72415054137295,
            2666.7369697917657,
            30.53546420682842,
            133.59507042835503
        ],
        "best_cluster": 1,
        "centroid": [
            0.06340280545857391,
            0.9449677551598661,
            0.9191186117823288,
            0.9316209458807895
        ],
        "centroid_predicted_output": 3052.915058312473,
        "selected_query": [
            0.06339956372463972,
            0.9508361411843871,
            0.9294415018303737,
            0.9410276406810638
        ]
    },
    "Function_6": {
        "data_points": 30,
        "clusters": 4,
        "silhouette": 0.3001550102900666,
        "cluster_means": [
            -1.0505362332846504,
            3.8104312225268497,
            -1.7882543098265002,
            -1.3340623226396684
        ],
        "best_cluster": 1,
        "centroid": [
            0.5310705049767295,
            0.1973942206605903,
            0.04053627298999163,
            0.6450757613385926,
            0.20523525142225932
        ],
        "centroid_predicted_output": -1.3860453413269922,
        "selected_query": [
            0.5187778152950051,
            0.2601383180397517,
            0.08337798224757108,
            0.6827695752911804,
            0.2049897358177853
        ]
    },
    "Function_7": {
        "data_points": 40,
        "clusters": 4,
        "silhouette": 0.247678658440066,
        "cluster_means": [
            0.9504038283418862,
            0.15100624773559962,
            0.09986078187439351,
            0.16021686813520278
        ],
        "best_cluster": 0,
        "centroid": [
            0.06652319091013437,
            0.3579811890121496,
            0.24675035062183348,
            0.2729490591895132,
            0.2839609529794919,
            0.783224243774551
        ],
        "centroid_predicted_output": 1.8713196638792262,
        "selected_query": [
            0.050980177980902305,
            0.35412007356486397,
            0.26186877440800577,
            0.2922162966914142,
            0.31583662497055476,
            0.7306676243396164
        ]
    },
    "Function_8": {
        "data_points": 50,
        "clusters": 4,
        "silhouette": 0.1770741982017023,
        "cluster_means": [
            7.771335586253891,
            7.336530317946036,
            13.23503450774608,
            8.036960057721604
        ],
        "best_cluster": 2,
        "centroid": [
            0.11620537249264962,
            0.33399582006431017,
            0.27756358159610106,
            0.43363422668055995,
            0.4795491356445429,
            0.6704787588383728,
            0.20066911905012896,
            0.8819376933033185
        ],
        "centroid_predicted_output": 21.725723158738308,
        "selected_query": [
            0.11457011614165162,
            0.5246693726535798,
            0.48698537429806843,
            0.5049713168117699,
            0.49822536995416256,
            0.5595019746508751,
            0.21965374816808625,
            0.9049491678748358
        ]
    }
}