{
    "Function_1": {
        "data_points": 21,
        "dim": 2,
        "variance_explained": [
            0.6577608108168209,
            0.3422391891831791
        ],
        "principal_direction": [
            0.9060087917525872,
            0.4232588679130265
        ],
        "selected_query": [
            0.13774136208876764,
            0.5570416479938043
        ]
    },
    "Function_2": {
        "data_points": 21,
        "dim": 2,
        "variance_explained": [
            0.7391245782228751,
            0.2608754217771248
        ],
        "principal_direction": [
            0.4545911740276096,
            0.8907002102257525
        ],
        "selected_query": [
            0.7335544426759445,
            0.6922825623413558
        ]
    },
    "Function_3": {
        "data_points": 26,
        "dim": 3,
        "variance_explained": [
            0.6059188505171009,
            0.2364973440360666,
            0.15758380544683254
        ],
        "principal_direction": [
            -0.5522280177486237,
            0.07002363093367439,
            0.8307471983246713
        ],
        "selected_query": [
            0.23226791577749628,
            0.6507473235263183,
            0.8001660401286628
        ]
    },
    "Function_4": {
        "data_points": 41,
        "dim": 4,
        "variance_explained": [
            0.45031970370517743,
            0.2550675550458977,
            0.1815724983698636
        ],
        "principal_direction": [
            0.6964244404071833,
            0.5606081311666621,
            0.1833427064561379,
            0.40877496750987913
        ],
        "selected_query": [
            0.4233565966520253,
            0.4737534209706451,
            0.39124807486546787,
            0.30987828565762865
        ]
    },
    "Function_5": {
        "data_points": 31,
        "dim": 4,
        "variance_explained": [
            0.5533670225596317,
            0.20800941270706866,
            0.15779438387460087
        ],
        "principal_direction": [
            -0.44382762708899115,
            0.5522794792536955,
            0.5078179170469969,
            0.49002589457483997
        ],
        "selected_query": [
            0.10341894026922038,
            0.9637068608751344,
            0.9898371809559567,
            0.9562739635088638
        ]
    },
    "Function_6": {
        "data_points": 31,
        "dim": 5,
        "variance_explained": [
            0.41421726672031206,
            0.22642256224550422,
            0.1773248330420867
        ],
        "principal_direction": [
            -0.02482253894464916,
            0.6427586632692487,
            0.6368542345652828,
            -0.2391138422331307,
            0.3514063128651042
        ],
        "selected_query": [
            0.40343444725035504,
            0.22543873295020767,
            0.16310171880885305,
            0.635625782260731,
            0.3051456879636142
        ]
    },
    "Function_7": {
        "data_points": 41,
        "dim": 6,
        "variance_explained": [
            0.31594147501995495,
            0.226977894436743,
            0.1905016662707098
        ],
        "principal_direction": [
            0.6826470307624187,
            -0.021044783075744495,
            0.24305686105639782,
            0.4085507880950365,
            0.0665965349833767,
            -0.5505675851928561
        ],
        "selected_query": [
            0.033569787168929,
            0.3865688430709254,
            0.3061688717884078,
            0.38421576739476515,
            0.2098660404455852,
            0.8366703489570871
        ]
    },
    "Function_8": {
        "data_points": 51,
        "dim": 8,
        "variance_explained": [
            0.2840034483423381,
            0.15863378768450886,
            0.1420316059280033
        ],
        "principal_direction": [
            0.5891813536078697,
            0.19854495022564422,
            0.26375390875809696,
            -0.08187833522419886,
            0.06523184798115585,
            -0.24433532428511695,
            0.482918507776702,
            -0.4899079702338061
        ],
        "selected_query": [
            0.06473794058037852,
            0.5552135754575172,
            0.10228023772643868,
            0.45113623332026165,
            0.8260929417602145,
            0.9995370879804653,
            0.36951196633489924,
            0.882503125690214
        ]
    }
}